Workbook

Sheet Targets
A1: Reparo — Sales-Pipeline Hausverwaltungen Berlin
A2: Stand-Recherche 2026-05-23 · Status-Spalten täglich pflegen · Pipeline-Sheet zeigt Live-Summary
A4: # | B4: Firma | C4: Bezirk | D4: Geschätzte Größe | E4: Tier | F4: Website | G4: Status | H4: Erstkontakt | I4: Letztes Follow-up | J4: Antwort? | K4: Nächster Schritt | L4: Notizen
A5: 1 | B5: Promeda Hausverwaltung GmbH | C5: Pankow | D5: 30-400 Einheiten | E5: Pro | F5: promeda.de | G5: Noch nicht | K5: Erstkontakt mit Template A | L5: ★ Perfekter Größenmatch — Priorität 1
A6: 2 | B6: Process & Cie | C6: Charlottenburg–Prenzlauer Berg | D6: Mittelgroß | E6: Pro | F6: processcie.com | G6: Noch nicht | K6: Erstkontakt mit Template A (Tech-Pitch) | L6: ★ Technikaffin, eigenes Portal — gut für Integration-Story
A7: 3 | B7: Ralph Management GmbH | C7: Prenzlauer Berg + Kreuzberg | D7: Mittelgroß | E7: Pro | F7: ralph-hv.de | G7: Noch nicht | K7: Erstkontakt mit Template B (Pain-fokussiert) | L7: ★ "Modern Software"-affin, offen für Tools
A8: 4 | B8: WEG Hausverwaltung Berlin | C8: Berlin (multi) | D8: ~400 Einheiten | E8: Pro | F8: weg-hausverwaltung.berlin | G8: Noch nicht | K8: Erstkontakt mit WEG-spezifischem Pitch | L8: VDIV-Mitglied, §26a-zertifiziert
A9: 5 | B9: Service365 Group | C9: Berlin (multi) | D9: Mittelgroß | E9: Pro | F9: hausverwaltung365-berlin.de | G9: Noch nicht | K9: Erstkontakt Standard | L9: Pricing ab 35€/Einheit/Monat → Pro-Tier-Match
A10: 6 | B10: Hubert Hausverwaltung GmbH | C10: Berlin (multi) | D10: 200+ Einheiten | E10: Pro | F10: hubert-hausverwaltung-berlin.de | G10: Noch nicht | K10: Erstkontakt + Generationswechsel-Angle | L10: Seit 1969 — etabliert
A11: 7 | B11: ABAKUS Immobilien | C11: Charlottenburg + Neukölln + Prenzlauer Berg | D11: Multi-Bezirk groß | E11: Pro | F11: abakus-immobilien.de | G11: Noch nicht | K11: Erstkontakt mit Skalierungs-Pitch | L11: WEG + Miete + Gewerbe
A12: 8 | B12: von Kathen Hausverwaltung | C12: Charlottenburg | D12: Mittelgroß | E12: Pro | F12: vonkathen-hausverwaltung.de | G12: Noch nicht | K12: Erstkontakt WEG-spezifisch | L12: "Harmonie in Eigentümergemeinschaften"
A13: 9 | B13: Mele Immobilien GmbH | C13: Zehlendorf (betreut Mitte) | D13: Multi-Bezirk | E13: Pro | F13: mele.de | G13: Noch nicht | K13: Erstkontakt Standard | L13: Multi-Bezirks-Verwaltung
A14: 10 | B14: Martina Schaale Hausverwaltungen | C14: Steglitz + Multi | D14: Mittelgroß | E14: Pro | F14: hausverwaltung-berlin.berlin | G14: Noch nicht | K14: Erstkontakt persönlich | L14: Etablierter Name, Tel +49(30) 217 999 6-0
A15: 11 | B15: Zillich Hausverwaltung | C15: Kreuzberg | D15: Mittelgroß | E15: Pro | F15: hausverwaltung-kreuzberg.de | G15: Noch nicht | K15: Erstkontakt Generationswechsel | L15: Seit 1981
A16: 12 | B16: FDS Hausverwaltung GmbH | C16: Friedrichshain + Kreuzberg | D16: Multi-Wohnanlagen | E16: Pro | F16: fds-hausverwaltung.de | G16: Noch nicht | K16: Erstkontakt Multi-Anlagen | L16: Mehrere zentrale Wohnanlagen
... A20: 16 | B20: Matera | C20: Friedrichshain (deutschlandweit) | D20: Groß | E20: Enterprise | F20: matera.eu/de/hausverwaltung/berlin | G20: Noch nicht | K20: Integrations-Pitch (warten) | L20: Großer Player, komplexer Sales-Cycle

Sheet Pipeline
A1: Pipeline-Übersicht — Live aus Targets-Sheet
A2: Aktualisiert automatisch wenn Status in Targets-Sheet geändert wird
A4: PIPELINE-STAGES | E4: KEY METRICS
A5: Stage | B5: Anzahl | C5: % Pipeline | E5: AKTIVE OPPORTUNITIES
A6: Noch nicht | B6: =COUNTIF(Targets!G5:G20,"Noch nicht") -> 16 | C6: =IF(SUM($B$6:$B$15)=0,0,B6/SUM($B$6:$B$15)) -> 1 | E6: =COUNTIF(Targets!G5:G20,"Erstkontakt")+COUNTIF(Targets!G5:G20,"Follow-up 1")+COUNTIF(Targets!G5:G20,"Follow-up 2")+COUNTIF(Targets!G5:G20,"Demo geplant")+COUNTIF(Targets!G5:G20,"Demo durch")+COUNTIF(Targets!G5:G20,"Trial") -> 0
A7: Erstkontakt | B7: =COUNTIF(Targets!G5:G20,"Erstkontakt") -> 0 | C7: =IF(SUM($B$6:$B$15)=0,0,B7/SUM($B$6:$B$15)) -> 0
A8: Follow-up 1 | B8: =COUNTIF(Targets!G5:G20,"Follow-up 1") -> 0 | C8: =IF(SUM($B$6:$B$15)=0,0,B8/SUM($B$6:$B$15)) -> 0
A9: Follow-up 2 | B9: =COUNTIF(Targets!G5:G20,"Follow-up 2") -> 0 | C9: =IF(SUM($B$6:$B$15)=0,0,B9/SUM($B$6:$B$15)) -> 0 | E9: WIN-RATE
A10: Demo geplant | B10: =COUNTIF(Targets!G5:G20,"Demo geplant") -> 0 | C10: =IF(SUM($B$6:$B$15)=0,0,B10/SUM($B$6:$B$15)) -> 0 | E10: =IFERROR(COUNTIF(Targets!G5:G20,"Closed-Won")/(COUNTIF(Targets!G5:G20,"Closed-Won")+COUNTIF(Targets!G5:G20,"Closed-Lost")),0) -> 0
A11: Demo durch | B11: =COUNTIF(Targets!G5:G20,"Demo durch") -> 0 | C11: =IF(SUM($B$6:$B$15)=0,0,B11/SUM($B$6:$B$15)) -> 0
A12: Trial | B12: =COUNTIF(Targets!G5:G20,"Trial") -> 0 | C12: =IF(SUM($B$6:$B$15)=0,0,B12/SUM($B$6:$B$15)) -> 0
A13: Closed-Won | B13: =COUNTIF(Targets!G5:G20,"Closed-Won") -> 0 | C13: =IF(SUM($B$6:$B$15)=0,0,B13/SUM($B$6:$B$15)) -> 0 | E13: DEMOS ABGEHALTEN
A14: Closed-Lost | B14: =COUNTIF(Targets!G5:G20,"Closed-Lost") -> 0 | C14: =IF(SUM($B$6:$B$15)=0,0,B14/SUM($B$6:$B$15)) -> 0 | E14: =COUNTIF(Targets!G5:G20,"Demo durch")+COUNTIF(Targets!G5:G20,"Trial")+COUNTIF(Targets!G5:G20,"Closed-Won")+COUNTIF(Targets!G5:G20,"Closed-Lost") -> 0
A15: Nicht relevant | B15: =COUNTIF(Targets!G5:G20,"Nicht relevant") -> 0 | C15: =IF(SUM($B$6:$B$15)=0,0,B15/SUM($B$6:$B$15)) -> 0
A16: TOTAL | B16: =SUM(B6:B15) -> 16 | C16: =SUM(C6:C15) -> 1

Sheet Wochenplan
A1: 3-Wochen-Outreach-Plan
A2: Empfohlene Reihenfolge nach Urlaub. Anpassbar.
A4: Woche | B4: Phase | C4: Targets | D4: Anzahl | E4: Ziel
A5: Woche 1 | B5: Pilot-Welle | C5: 1. Promeda, 2. Process & Cie, 3. Ralph, 6. Hubert, 5. Service365 | D5: 5 | E5: 1-2 Demo-Slots — Templates lernen, Antwort-Rate messen
A6: Woche 2 | B6: Lernen + Iterieren | C6: 4. WEG, 7. ABAKUS, 8. v.Kathen, 9. Mele, 10. Schaale, 11. Zillich, 12. FDS, 13. WVG, 14. Koch | D6: 9 | E6: 3-5 Demo-Slots — Templates auf Lern-Feedback anpassen
A7: Woche 3 | B7: Skalieren | C7: Aus Verzeichnissen weitere Targets + Re-Engagement Woche-1-Nicht-Antworter | D7: 20 | E7: Pipeline auf 30+ Opportunities ausbauen
A9: ANCHOR | B9: später (Enterprise) | C9: 15. Pruß, 16. Matera | D9: 2 | E9: Wenn Pipeline mit 50-500-Wohnungen-Kunden warm, Enterprise-Anbahnung

Sheet Howto
A1: Wie diese Datei zu nutzen ist
A3: 1. Targets pflegen | B3: Im 'Targets'-Tab pro Firma den Status in Spalte G pflegen. Drop-Down enthält alle möglichen Stages.
A4: 2. Pipeline checken | B4: Pipeline-Tab zeigt Live-Counts. Aktualisiert sich automatisch wenn Status geändert wird.
A5: 3. Reihenfolge | B5: Wochenplan-Tab hat die empfohlene Outreach-Reihenfolge. Anpassbar.
A6: 4. E-Mail-Vorlagen | B6: Sales-Playbook.md (im Reparo-Ordner) hat Cold-Mail-Templates A/B/C + Follow-up-Sequenz.
A7: 5. Demo-Skript | B7: Sales-Playbook.md auch Demo-Skript Minute-für-Minute + Objection-Handling.
A8: 6. Pricing-Calculator | B8: Reparo-Pricing-Calculator.html im Browser öffnen — Live-Slider für Sales-Demos.
A9: 7. Status farblich | B9: Closed-Won grün, Closed-Lost grau, Demo durch/Trial gelb, alles offene hellgrün.
A10: 8. Wann updaten | B10: Nach jeder Aktion (Cold-Mail raus, Antwort eingegangen, Demo durchgeführt).
A12: WICHTIG vor Cold-Outreach | B12: Pro Target 5-10 Min Persona-Recherche (LinkedIn, Website, Impressum) — siehe Sales-Playbook.md.
A13: DATENSCHUTZ | B13: Nur öffentliche Business-Daten verwenden. Bei einzelnen Personen-E-Mails: erst LinkedIn-Connect.
